{"train_acc": 1.0, "train_loss": 8.085800072734627e-05, "test_acc": 0.6400000000000001, "test_loss": 5.315946936607361, "_timestamp": 1682162978.2876859, "_runtime": 3834.725317955017, "_step": 999}