{"train_acc": 1.0, "train_loss": 0.00013391637089625873, "test_acc": 0.64, "test_loss": 5.468228530883789, "_timestamp": 1682177725.77909, "_runtime": 3846.175701856613, "_step": 999}