{"train acc": 0.535, "train loss": 1.488769850730896, "_timestamp": 1682154552.2251544, "_runtime": 232.17887544631958, "_step": 3, "_wandb": {"runtime": 23}}