{"test acc": 0.575, "test loss": 1.087132352590561, "_timestamp": 1682155146.304753, "_runtime": 534.5335471630096, "_step": 201}